_id,name,nse_code,bse_code,marketCap,updated_at
"jn78cx2q4n52ekq5cx56ec5q097we54m","INAVAXIS MUTUAL AXIS GOLD E","AXISGOLDINV","199022",,"2025-12-01T04:27:39.406Z"
"jn715ydfb7ppyge1qs82a5neyx7wep0r","INAVQUANTUM GOLDEXCHANGE T","QGOLDLFINV","199028",,"2025-12-01T04:27:39.407Z"
"jn7fs8esxr6z7gab6972a8zsj97wff23","INAVUTI  GOLD EXC","GOLDSHAINV","199029",,"2025-12-01T04:27:39.407Z"
"jn721y2x5dgm01hc1rv7ceygms7wfnzn","INAV ICICI PRUDENTIAL SENSE","ICICSENNAV","199105",,"2025-12-01T04:27:39.407Z"
"jn7631k03b2mhtb8ezqyzt2zan7wfabx","INAV ICICI PRU NIFTY INFRA ETF","ICICINFNAV","199122",,"2025-12-01T04:27:39.407Z"
"jn7dvfbcfjx612pnd8q1dp2m257wfqxe","SATYAM SILK MILLS","ZSATYASL","503893",,"2025-12-01T04:27:39.423Z"
"jn78zbcaft0p8ayzm4t682xrm97wfjnr","CHASE BRIGHT STEEL","CHASBRT","504671",,"2025-12-01T04:27:39.423Z"
"jn78mmeyed8gn287jn5n4qzyqx7weqqb","AUTOMOBILE PRODUCTS OF INDIA L","AUTOPRD","505032",,"2025-12-01T04:27:39.423Z"
"jn745shk5vm7hye57qkg3jb7rs7wfewg","HARIYANA VENTURES","HVL","506024",,"2025-12-01T04:27:39.423Z"
"jn7c0pj6k9jvjyhasf74tq0pvn7wftk9","TERRAFORM MAGNUM","TERRAFORM","506162",,"2025-12-01T04:27:39.423Z"
"jn706dn42rxxgbqdgy7xqh0ve17wepkx","PB GLOBAL","PBGLOBAL","506580",,"2025-12-01T04:27:39.424Z"
"jn7db332jdm3shaqp3xsqjcdw97wf3az","SHIKHAR LEASING & TRADING","SHIKHARLETR","507952",,"2025-12-01T04:27:39.424Z"
"jn745nxcz439xwaynm7dd2kgm17wfndx","OSEASPRE CONSULTANTS","OSEASPR","509782",,"2025-12-01T04:27:39.425Z"
"jn7fpyxe8vy6pz5w02t73ny20n7wfhdx","JUMBO FINANCE","JUMBFNL","511060",,"2025-12-01T04:27:39.425Z"
"jn75ndvp5ypypdr88rar0v4ssd7wecc4","TIVOLI CONSTRUCTION","TVOLCON","511096",,"2025-12-01T04:27:39.425Z"
"jn76r5pve33q65d2gzk0nfhbh97wf8a8","NILKANTH ENGINEERING","ZNILKENG","512004",,"2025-12-01T04:27:39.425Z"
"jn70d7yh9wn4at0cnxnbfmbzyx7wfe1r","KAJAL SYNTHETICS & SILK MILLS","KAJALSY","512147",,"2025-12-01T04:27:39.426Z"
"jn7c01wyhpfcfh3y578ym6efqn7we6xs","TERRAFORM REALSTATE","TERRAREAL","512157",,"2025-12-01T04:27:39.426Z"
"jn70patetw9kdpb0a5fw2htdkh7wexwk","BENTLEY COMMERCIAL ENTERPRISES","BENTCOM","512195",,"2025-12-01T04:27:39.426Z"
"jn7d6j9rkv5dnz8n74n0kvetas7weahy","NIVI TRADING","ZNIVITRD","512245",,"2025-12-01T04:27:39.426Z"
"jn7ass2a1tk2mfa6bazzn1hj617websm","BAJAJ GLOBAL","BAJGLOB","512261",,"2025-12-01T04:27:39.426Z"
"jn7ffhg9cfgden75nqzwksvcqs7wf61j","AVON MERCANTILE","AVONMERC","512265",,"2025-12-01T04:27:39.426Z"
"jn7f1sc4pbmn27dp5hhsm7sp3s7wfb97","MANSOON TRADING CO.LTD.","ZMANSOON","512303",,"2025-12-01T04:27:39.426Z"
"jn7ctskv92k113nj0vznje1rv97wf3a4","WHITE HALL COMMERCIAL CO.LTD.","WHITHAL","512431",,"2025-12-01T04:27:39.426Z"
"jn72w336b2b55mx0jbegm2myx57wenjn","ASUTOSH ENTERPRISES","ASUTENT","512433",,"2025-12-01T04:27:39.426Z"
"jn732nhn34pnjara6axphy2hcn7wf35h","ESQUIRE MONEY GUARANTEES","ESQRMON","512439",,"2025-12-01T04:27:39.426Z"
"jn7b9469h9bgxvz1ysvfssejjx7weyr2","DEVINSU TRADING","DEVITRD","512445",,"2025-12-01T04:27:39.426Z"
"jn75ann4xp9jcth5fn5wn1h8m97weqsm","PUNCTUAL TRADING","PUNCTRD","512461",,"2025-12-01T04:27:39.426Z"
"jn7eysenaad8fpjkqrdg7z8g517wfmwm","MEENAKSHI STEEL INDUSTRIES","MEENST","512505",,"2025-12-01T04:27:39.426Z"
"jn70wgjzw3xe4d2795z2raqzk97wf5dg","VINAYAK VANIJYA","VINVANI","512517",,"2025-12-01T04:27:39.426Z"
"jn7e8pkrgzgxmb2321skjkc9js7wf22x","TTL ENTERPRISES","TTLEL","514236",,"2025-12-01T04:27:39.427Z"
"jn7afarqh4965zgx3an8esa60s7wexkv","ADS DIAGNOSTIC","ADSDIAG","523031",,"2025-12-01T04:27:39.429Z"
"jn79a2x7g9308e7qea1rx9fryh7wekvz","MICROSE INDIA","MICROSE","523343",,"2025-12-01T04:27:39.429Z"
"jn75nrs48zpq68js0vhrpcd35d7wfvxr","PUSHPSONS INDUSTRIES","PUSHPIN","531562",,"2025-12-01T04:27:39.433Z"
"jn70exh60npsbxeabtmjac75597wfkat","UFM INDUSTRIES","UFMINDL","531610",,"2025-12-01T04:27:39.433Z"
"jn73100b3p9aemehjvd58193rs7wfqnx","VSD CONFIN","VSDCONF","531696",,"2025-12-01T04:27:39.434Z"
"jn76tm9wx4kwz1v57rfp3y0ag97we06t","SMC CREDITS","SMCREDT","532138",,"2025-12-01T04:27:39.434Z"
"jn7ed7zwrkqkrfkjv8q03q4d8n7wfm0q","KOTAK MAHINDRA MUTUAL FUND","SENSEX1","532985",,"2025-12-01T04:27:39.436Z"
"jn7821pepz12fvkmaamyvg0avh7wfqk4","INVESCO INDIA GOLD ETF","IVZINGOLD","533172",,"2025-12-26T12:14:39.360Z"
"jn728jd7sezshm8w93cscs4n317wfs7a","HDFC GOLD ETF","HDFCGOLD","533230",,"2025-12-26T12:14:39.360Z"
"jn74vryc0wm3a4wzjtapjtbq4n7wf95t","ICICI PRUDENTIAL GOLD ETF","GOLDIETF","533244",,"2025-12-26T12:14:39.360Z"
"jn73rzwwt36z8bfmgqyyhpzj817wey8p","MOTILAL OS NASDAQ100 ETF","MON100","533385",,"2025-12-26T12:14:39.360Z"
"jn7dh0539f0mvfp49mjffpd1ax7we235","ADITYBIRLA SL GOLD ETF-GR","BSLGOLDETF","533408",,"2025-12-26T12:14:39.360Z"
"jn711dhkgvm2rtt06z6a1bxes57we00b","AXIS MF - AXIS GOLD ETF","AXISGOLD","533570",,"2025-12-26T12:14:39.360Z"
"jn7cc9hnsv12j5gbz3a93156597wf9ds","LIC MF - LIC GOLD ETF","LICMFGOLD","533719",,"2025-12-26T12:14:39.360Z"
"jn7btcnxgqvv4dc2dpgysmwgf57wer71","SBI MUTUAL FUND - SBI ETF SENS","SBISENSEX","535276",,"2025-12-01T04:27:39.437Z"
"jn7cp497kjeq0f9rqrpre4p8ed7wfpbr","MOTILAL OS MIDCAP100 ETF","MOM100","536960",,"2025-12-26T12:14:39.360Z"
"jn72egps4xgkfv74wn33p0wkc17we9j8","ICICI PRUD NIFTY ETF","NIFTYIETF","537007",,"2025-12-26T12:14:39.360Z"
"jn76npnmkwf9sb81xq7hrdtza97wfe43","ICICI PRUD NIFTY 100 ETF","NIF100IETF","537008",,"2025-12-26T12:14:39.360Z"
"jn72h88qv58zvdrdkm8tx7jj317wea52","NIP IND ETF NIFTY 100","NIF100BEES","537483",,"2025-12-26T12:14:39.360Z"
"jn7fvr4b94w69azn3w4jv72x9s7wf0hj","KOTAK NIFTY ETF","NIFTY1","537708",,"2025-12-26T12:14:39.360Z"
"jn755zjkkgh3dmtrh8e3r5yrmh7wec00","CPSE ETF","CPSEETF","538057",,"2025-12-26T12:14:39.360Z"
"jn74wk1m6fz1xpsgfywj587y857wepqe","RELIANCE MUTUAL FUND - RELIANC","NCAPBULBDD","538630",,"2025-12-01T04:27:39.438Z"
"jn7bz8s150ca0krfx25jtpdqbx7wfjee","RELIANCE MUTUAL FUND- RELIANCE","NCAPBUILBG","538633",,"2025-12-01T04:27:39.438Z"
"jn7fm54ahencbeqqp7nbys8xhd7wf8tc","NIPPON INDIA ETF SENSEX","SENSEXBEES","538683",,"2025-12-01T04:27:39.438Z"
"jn743sx0bnhn0pwg17yc2arn1d7wfkef","SBI MUTUAL FUND","SETFBSE100","539031",,"2025-12-01T04:27:39.439Z"
"jn72qm2cvc466bcenaq7qrw2m57we6q3","UTIAMC - UTISENSETF","UTISENSETF","539312",,"2025-12-26T12:14:39.360Z"
"jn7cs28p6dpgz18dtsphnd4bxh7webe2","UTIAMC - UTINIFTETF","UTINIFTETF","539313",,"2025-12-26T12:14:39.360Z"
"jn796a2rvaa2am3e4hpb2x9g2h7wenvv","LICNAMC - LICNFENGP","LICNETFN50","539480",,"2025-12-26T12:14:39.360Z"
"jn7dmxt3stjjxkx6n4gryhnk2n7we2jt","LICNAMC - LICNFESGP","LICNETFSEN","539487",,"2025-12-26T12:14:39.360Z"
"jn789nb59shdpf60axcg32gzpx7wekyx","TIRUPATI FIN-LEASE","TFLL","539488",,"2025-12-01T04:27:39.439Z"
"jn71sk6h8kjaaxn366extw5we97wfr9r","HDFCAMC - HDFCNIFTY","HDFCNIFTY","539516",,"2025-12-26T12:14:39.360Z"
"jn76fwrt0zacqk52ms5wexa2417we43c","HDFCAMC - HDFCSENSEX","HDFCSENSEX","539517",,"2025-12-26T12:14:39.360Z"
"jn7b0cr36czwhkm6yfg3dmrf797wf4gy","ABHIJIT TRADING CO.","ABHIJIT","539560",,"2025-12-01T04:27:39.439Z"
"jn7f9ksg1sczfmwvn8kv22zz497wesjy","SHIVKAMAL IMPEX","SHIVKAMAL","539683",,"2025-12-01T04:27:39.440Z"
"jn7625fx2pr9v16rsxaz1te9w97wfmp0","REAL GROWTH CORPORATION LIMITE","RGCORP","539691",,"2025-12-01T04:27:39.440Z"
"jn79kp7yw64wyvk4nk4f1b11rh7wet2v","LICNAMC - LICNFNHGP","LICNFNHGP","539784",,"2025-12-26T12:14:39.360Z"
"jn7bw3aschptgpq6bqrzt0jn0h7wez37","ICICI PRUDENTIAL NV20 ETF","NV20IETF","539945",,"2025-12-26T12:14:39.360Z"
"jn70pwwvcj6wqg2gp62g8dwq6x7we784","ICICI PRUD MIDCAP SEL ETF","MIDSELIETF","539980",,"2025-12-26T12:14:39.360Z"
"jn7at1ygx26zdm4f891pfgjxy97weh16","BIRLASLAMC - BSLSENETFG","BSLSENETFG","540008",,"2025-12-26T12:14:39.360Z"
"jn70jyv8ffwzkh8kt300bt2dts7wfjms","BANDHAN MUTUAL FUND","IDFSENSEXE","540154",,"2025-12-01T04:27:39.440Z"
"jn71eayayzcync97b4r3mfvnc57wevy2","RAIDEEP INDUSTRIES","RAIDEEPIND","540270",,"2025-12-01T04:27:39.440Z"
"jn74nhg5dkkqd9cm8xm86dbwss7wfg8t","SUERYAA KNITWEAR","SUERYAAKNI","540318",,"2025-12-01T04:27:39.440Z"
"jn7af2frwncb6sem2atmnyd3157we05f","ICICI PR NIF LW VL 30 ETF","LOWVOLIETF","540612",,"2025-12-26T12:14:39.360Z"
"jn7avbdz6hc5j3q1nn6m827g8h7wer2d","UTIAMC - UTINEXT50","UTINEXT50","540669",,"2025-12-26T12:14:39.360Z"
"jn794zg5qdxdnknpaesapxsn497we7z1","ICICIPRAMC - BHARATIWIN","ICICIB22","540787",,"2025-12-26T12:14:39.360Z"
"jn766rq6akbh084wypsy1a0x457we29z","DSP LIQUID ETF","LIQUIDETF","541097",,"2025-12-26T12:14:39.360Z"
"jn78zm8ca3829hesmxq8ed3tkd7web5m","ICICIPRAMC - ICICI500","BSE500IETF","541313",,"2025-12-26T12:14:39.360Z"
"jn7b2e8g2d2y86b9t090txzkbh7weskx","ICICIPRAMC - ICICINXT50","NEXT50IETF","541809",,"2025-12-26T12:14:39.360Z"
"jn7ce8hp2jhvc6vamved3jckhn7wehnb","ICICIPRAMC - ICICILIQ","LIQUIDIETF","541946",,"2025-12-26T12:14:39.360Z"
"jn701wzcsw2pw1x0sf4pcpmhrn7wets1","SBI MUTUAL FUND","SETFSN50","541972",,"2025-12-01T04:27:39.441Z"
"jn7c16eyr1k8xt5pf7rdkbtd4d7wfrxp","MIRAEAMC - MAN50ETF","NIFTYETF","542131",,"2025-12-26T12:14:39.360Z"
"jn72zdgqa7jrh69j8dj1zxrwxs7wehfh","BIRLASLAMC - ABSLNN50ET","ABSLNN50ET","542230",,"2025-12-26T12:14:39.360Z"
"jn7fk0y9ym485f10nv3d9ajkw57wffst","UTIAMC - UTISXN50","UTISXN50","542513",,"2025-12-26T12:14:39.360Z"
"jn79nm8zty74ewkgm2emmvyznd7wf4ah","JYOT INTERNATIONAL MARKETING L","JYOTIN","542544",,"2025-12-01T04:27:39.442Z"
"jn723ta3nj3n34yg7prhefejax7wf66e","ICICIPRAMC - IPRU5008","BANKIETF","542730",,"2025-12-26T12:14:39.360Z"
"jn7f4meczpdvzg205pmnqgdezx7wfzp9","NIPPON INDIA ETF SENSEX NEXT 5","SNXT50BEES","542747",,"2025-12-01T04:27:39.442Z"
"jn7c0rqvqfvny7dtnk4mw65krs7wemn2","ICICIPRAMC - ICICIBANKP","PVTBANIETF","542758",,"2025-12-26T12:14:39.360Z"
"jn74pyn7gsv0t4ptwwf58r6fr97wf95c","BIRLASLAMC - ABSLBANETF","ABSLBANETF","542863",,"2025-12-26T12:14:39.360Z"
"jn789s2besg1h7dfca0864dzdn7wf26c","EDELAMC - EBBETF0430","EBBETF0430","542909",,"2025-12-26T12:14:39.360Z"
"jn795wn79wz1g6c3w1736xskmx7we5vd","ICICIPRAMC - ICICIM150","MIDCAPIETF","542921",,"2025-12-26T12:14:39.360Z"
"jn728sycvkva2266y8yf9jwkr57wfmpn","MIRAEAMC - MANXT50","NEXT50","542922",,"2025-12-26T12:14:39.360Z"
"jn78yyjcdb3kxymf70zf1nnhws7we69c","VARDHAN CAPITAL & FINANCE LIMI","VARDHANCFL","542931",,"2025-12-01T04:27:39.442Z"
"jn70rp9qhpw0cfe27vet4hc9r97web6f","EDELAMC - EBBETF0431","EBBETF0431","543216",,"2025-12-26T12:14:39.360Z"
"jn7bbrqfjsftzgfmqke8vjj7hd7wf6a3","ICICIPRAMC - ICICIALPLV","ALPL30IETF","543219",,"2025-12-26T12:14:39.360Z"
"jn74g3bs1dzmc4x2knb2bb1d617wevd3","ICICIPRAMC - ICICITECH","ITIETF","543221",,"2025-12-26T12:14:39.360Z"
"jn71csg33rw2gk3fghrcznqa1h7weg2j","HDFCAMC - HDFCNIFBAN","HDFCNIFBAN","543224",,"2025-12-26T12:14:39.360Z"
"jn73304fqmwew64mannne6bdf97wfqt4","UTIAMC - UTIBANKETF","UTIBANKETF","543226",,"2025-12-26T12:14:39.360Z"
"jn7bhck2pnxrd79kqa8cs1asns7wfvca","MOTILALAMC - G5","MOGSEC","543250",,"2025-12-26T12:14:39.360Z"
"jn746z11xhxrddyh8pv75ck7rn7wf6c3","NIP IND ETF INFRA BEES","INFRABEES","543255",,"2025-12-26T12:14:39.360Z"
"jn76n3m7bz2baz5epm20aztar97wfgzc","MIRAEAMC - MAFANG","MAFANG","543291",,"2025-12-26T12:14:39.360Z"
"jn70fz7h662r1kpvyx5hj9jve17we61w","ICICIPRAMC - ICICIPHARM","HEALTHIETF","543292",,"2025-12-26T12:14:39.360Z"
"jn7b1wmexkbc985sdsz5w4k2t17wf5mr","MIRAEAMC - MAFSETF","BFSI","543323",,"2025-12-26T12:14:39.360Z"
"jn7ax8s24k20rn7fhaqg01gej17wf05c","ICICIPRAMC - ICICIFMCG","FMCGIETF","543326",,"2025-12-26T12:14:39.360Z"
"jn7bkh3mw9rn8f6mc3d30d02yn7wedn0","AXISAMC - AXISTECETF","AXISTECETF","543347",,"2025-12-26T12:14:39.360Z"
"jn767rpk220kz0rtx74asb83d97wfx8h","AXISAMC - AXISHCETF","AXISHCETF","543348",,"2025-12-26T12:14:39.360Z"
"jn76stxq1hnc3accjn0j9f354s7wfd7j","AXISAMC - AXISCETF","AXISCETF","543357",,"2025-12-26T12:14:39.360Z"
"jn71bwyfrp0mbzw47zbz9y48tn7wefcj","MIRAEAMC - MASPTOP50","MASPTOP50","543365",,"2025-12-26T12:14:39.360Z"
"jn7fvkbxk49at0pspfvpt2feph7wedaz","ICICIPRAMC - ICICICONSU","CONSUMIETF","543383",,"2025-12-26T12:14:39.360Z"
"jn77jzgrhwvf688q9wgqknr5hn7wejp7","DSPAMC - DSPNEWETF","EQUAL50ADD","543388",,"2025-12-26T12:14:39.360Z"
"jn7052sd38yfxhgefcr0gvt23h7wepzd","MIRAEAMC - MAHKTECH","MAHKTECH","543414",,"2025-12-26T12:14:39.360Z"
"jn7fz5mrewpzcqh8yp7ecr55d97we7m4","EDELAMC - BBETF0432","BBETF0432","543418",,"2025-12-26T12:14:39.360Z"
"jn75qwarrpe5dc21cd8x1dkr9n7weh2w","MOTILALAMC - MONQ50","MONQ50","543437",,"2025-12-26T12:14:39.360Z"
"jn73fjrx5gt7v9z0spcy4qte457wf4p2","DSPAMC - DSPQ50ETF","MIDQ50ADD","543438",,"2025-12-26T12:14:39.360Z"
"jn7f9mkhv06k5xad0z9fsb5b1n7wfgpq","DSPAMC - DSPN50ETF","NIFTY50ADD","543440",,"2025-12-01T04:27:39.443Z"
"jn7c8f27m8wn22b3b83vfnf39n7wfxeg","ICICIPRAMC - ICICIAUTO","AUTOIETF","543450",,"2025-12-26T12:14:39.360Z"
"jn70vy20ggtzka456wyhw67zjh7wepjc","ICICIPRAMC - ICICISILVE","SILVERIETF","543452",,"2025-12-26T12:14:39.360Z"
"jn74jd73y7ej8qdgptd6pg4qfd7wesbz","MIRAEAMC - MAMFGETF","MAKEINDIA","543454",,"2025-12-26T12:14:39.360Z"
"jn73gppzg74yfva47xcywsj62d7we4ev","MOTILALAMC - MOMOMENTUM","MOMOMENTUM","543465",,"2025-12-26T12:14:39.360Z"
"jn76n2nmgt2275mp4k7h0deaxx7wftv3","ADITYBIRLA SL NIF ETF-GR","BSLNIFTY","543474",,"2025-12-26T12:14:39.360Z"
"jn728ccfbngvafb2sc1khvk2n97wfvy7","ICICIPRAMC - ICICI5GSEC","GSEC5IETF","543480",,"2025-12-26T12:14:39.360Z"
"jn7c0ptjqtacybcs3dx0q55gcn7wf5nz","MIRAEAMC - MAM150ETF","MIDCAPETF","543481",,"2025-12-26T12:14:39.360Z"
"jn74hy5fedwahyg8483knx5mbh7wfs57","MOTILALAMC - MOLOWVOL","MOLOWVOL","543501",,"2025-12-26T12:14:39.360Z"
"jn74mrgknqxp5ajr5njm9ac6b57we8h7","MOTILALAMC - MOHEALTH","MOHEALTH","543563",,"2025-12-26T12:14:39.360Z"
"jn743801g7w1zdv3syxjt5dx697wej24","ICICIPRAMC - ICICIMOM30","MOM30IETF","543568",,"2025-12-26T12:14:39.360Z"
"jn79006nrvn4v2wdaqc2h1831s7weqnt","HDFCAMC - HDFCNIF100","HDFCNIF100","543569",,"2025-12-26T12:14:39.360Z"
"jn75cfqt2gg4sr93562atdh2js7wemyj","HDFCAMC - HDFCNEXT50","HDFCNEXT50","543570",,"2025-12-26T12:14:39.360Z"
"jn7144hn8mcawx2q29srmcayas7we71k","ICICIPRAMC - ICICIINFRA","INFRAIETF","543571",,"2025-12-26T12:14:39.360Z"
"jn72vz0ntfjb3jjn30sachkh697wf5v4","DSPAMC - DSPSILVETF","SILVERADD","543572",,"2025-12-26T12:14:39.360Z"
"jn780np9jqcjnjh2ts01ynk2eh7wezbj","BIRLASLAMC - NIFTYQLITY","NIFTYQLITY","543574",,"2025-12-26T12:14:39.360Z"
"jn7drwe4avvkpz7rx38wwcxdth7weg99","BIRLASLAMC - MOMENTUM","MOMENTUM","543575",,"2025-12-26T12:14:39.360Z"
"jn7165kcten0492cy2nqy09am97wes02","MOTILALAMC - MOVALUE","MOVALUE","543576",,"2025-12-26T12:14:39.360Z"
"jn7a1xwnskjxd2t4ywsktd4zb97we3z1","MOTILALAMC - MOQUALITY","MOQUALITY","543577",,"2025-12-26T12:14:39.360Z"
"jn78v641wta49b1jqkrana995n7wf45v","HDFCAMC - HDFCSILVER","HDFCSILVER","543592",,"2025-12-26T12:14:39.360Z"
"jn7dfb2b2j6ya7mh4p9vr1556x7wem29","HDFCAMC - HDFCQUAL","HDFCQUAL","543605",,"2025-12-26T12:14:39.360Z"
"jn73w916eb22cqdnvx4t84n33x7wf3ya","HDFCAMC - HDFCGROWTH","HDFCGROWTH","543607",,"2025-12-26T12:14:39.360Z"
"jn70q8hc5w0pzfntp9t1efqz1x7wewkj","HDFCAMC - HDFCVALUE","HDFCVALUE","543608",,"2025-12-26T12:14:39.360Z"
"jn7a1207gh6v6sgy8a0qk5pp297wftjv","HDFCAMC - HDFCLOWVOL","HDFCLOWVOL","543627",,"2025-12-26T12:14:39.360Z"
"jn737kty70j5dksqrypdj4j36n7wfsy8","HDFCAMC - HDFCMOMENT","HDFCMOMENT","543628",,"2025-12-26T12:14:39.360Z"
"jn79cxj6jwdwd735hadv83442x7weh4q","HDFCAMC - HDFCNIFIT","HDFCNIFIT","543665",,"2025-12-26T12:14:39.360Z"
"jn7c9x1g1e1sf905hjwf8fm73x7wfjyd","HDFCAMC - HDFCPVTBAN","HDFCPVTBAN","543666",,"2025-12-26T12:14:39.360Z"
"jn7agf08dfxdf5ed79pe6tajhn7wen7y","ICICIPRAMC-ICICIFIN","FINIETF","543677",,"2025-12-26T12:14:39.360Z"
"jn78zw8zms4efapzxe7n4ecy2x7wfc0b","EDELAMC - EBBETF0433","EBBETF0433","543699",,"2025-12-26T12:14:39.360Z"
"jn747fgg1vwxkq0dhasqkwphhx7wfpxq","ICICIPRAMC - ICICI10GS","GSEC10IETF","543700",,"2025-12-26T12:14:39.360Z"
"jn7fbhgfr9gjrsaxzdd5fszs5x7wf3wp","ICICIPRAMC - ICICICOMMO","COMMOIETF","543710",,"2025-12-26T12:14:39.360Z"
"jn72pger2meadsvyahw19n74q57wfjmj","DSPAMC - DSPBANKETF","BANKETFADD","543738",,"2025-12-01T04:27:39.444Z"
"jn7bpepb6b0pngc8jfabjghzw57wfrap","HDFCAMC - HDFCBSE500","HDFCBSE500","543774",,"2025-12-26T12:14:39.360Z"
"jn7fpczfddgt1jdm1rfetbdf117wfz2t","HDFCAMC - HDFCSML250","HDFCSML250","543775",,"2025-12-26T12:14:39.360Z"
"jn7dvdnrpaq6tm2gcn2kj5n1y97wefch","HDFCAMC - HDFCMID150","HDFCMID150","543776",,"2025-12-26T12:14:39.360Z"
"jn788z0d0qjnc2azyhc122rs7d7wetk1","MIRAEAMC - MAGOLDETF","GOLDETF","543781",,"2025-12-26T12:14:39.360Z"
"jn702krsr29dy5hwzv0avyb2pd7weqqx","BIRLASLAMC - ABSLLIQUID","ABSLLIQUID","543813",,"2025-12-26T12:14:39.360Z"
"jn77ptseq3qf8m5vx3xhbqz7wh7wen3k","ICICIPRAMC - PSUBANKICI","PSUBNKIETF","543819",,"2025-12-26T12:14:39.360Z"
"jn7bja08mkb7r24673x5xbz7f57we1aq","AXISAMC - AXSENSEX","AXSENSEX","543853",,"2025-12-26T12:14:39.360Z"
"jn76p111ba7txepm5bakndy15x7wf3q2","MIRAEAMC - MANV30F","LOWVOL","543858",,"2025-12-26T12:14:39.360Z"
"jn7cb7jjzkgmhe8qf3y32v76zd7wf583","DIGITAL FIBRE INFRASTRUCTURE T","DIGIFIBRE","543859",,"2025-12-01T04:27:39.444Z"
"jn7c7nr8t83bzy3z1ehx1hgggn7wf0qe","MIRAEAMC - MAGS813ETF","GSEC10YEAR","543875",,"2025-12-26T12:14:39.360Z"
"jn7dfm2yzppb9q0rvpkahw42417we330","UTIAMC - SILVERETF","SILVERETF","543900",,"2025-12-26T12:14:39.360Z"
"jn71x5vq820s1aw12dta1ehdq57wet80","DSPAMC - DSPGOLDETF","GOLDETFADD","543903",,"2025-12-01T04:27:39.444Z"
"jn778gsm6rssbxn2a2bq8zc4vd7wfcam","MIRAEAMC - MASILVER","SILVERAG","543922",,"2025-12-26T12:14:39.360Z"
"jn7cnr7h1b5twrm3834b8magn97we0vd","DSPAMC - DSPITETF","ITETFADD","543935",,"2025-12-01T04:27:39.444Z"
"jn7e9cw8ynz5vm77q08t6ymzph7wfp6m","MIRAEAMC - BANKETF","BANKETF","543944",,"2025-12-26T12:14:39.360Z"
"jn70k562qpbshn77ey71y534nh7wehyd","MIRAEAMC - LIQUID","LIQUID","543946",,"2025-12-26T12:14:39.360Z"
"jn79z6bm4by5a65fjwkzcg76md7weq72","DSPAMC - DSPSENXETF","SENSEXADD","543947",,"2025-12-26T12:14:39.360Z"
"jn70h91ddkhv4a9y90dbx6sk257weecx","DSPAMC - DSPPSBKETF","PSUBANKADD","543948",,"2025-12-26T12:14:39.360Z"
"jn7ffn7jf6tx05bjx10k0ehr8x7wekc8","DSPAMC - DSPPVBKETF","PVTBANKADD","543949",,"2025-12-26T12:14:39.360Z"
"jn7475zkrmxje3dxmtk9110zex7wfbc8","ICICIPRAMC - ICICIQTY30","QUAL30IETF","543956",,"2025-12-26T12:14:39.360Z"
"jn7fz0hnwjh54v4c7jpmz31fhd7wfzf5","HDFCAMC - HDFCLIQUID","HDFCLIQUID","543973",,"2025-12-26T12:14:39.360Z"
"jn78wrfg2hrhc7hggc1j9mk2sh7wetz5","UTIAMC - NIFMID150","NIFMID150","543975",,"2025-12-26T12:14:39.360Z"
"jn7a6yz4qcmktmxhyqn5jfqenh7wec41","MIRAEAMC - SENSEXETF","SENSEXETF","543999",,"2025-12-26T12:14:39.360Z"
"jn732we7f5hyk69ccv4s2d2jth7we1pd","MIRAEAMC - ITETF","ITETF","544006",,"2025-12-26T12:14:39.360Z"
"jn735e92zhj5gvkdh3t6eb3rqd7wfpw8","MIRAEAMC - ALPHAETF","ALPHAETF","544007",,"2025-12-26T12:14:39.360Z"
"jn71w55f19nz68jvyf5jn57bjd7wfeck","SBIAMC - LIQUIDSBI","LIQUIDSBI","544010",,"2025-12-26T12:14:39.360Z"
"jn79c6mh10b539yebnvk1wwm6h7wfqc4","BARODABNP - BBNPPGOLD","BBNPPGOLD","544043",,"2025-12-26T12:14:39.360Z"
"jn72e7rh8c4nf2hzz53pjn4zz17wem4y","ZERODHA NIFTY 1D RATE LIQUID ETF","LIQUIDCASE","544089",,"2025-12-26T12:14:39.360Z"
"jn76xax4t502zcbwv7p73q3f8x7wftwh","BFAM - NIFTYBETF","NIFTYBETF","544092",,"2025-12-26T12:14:39.360Z"
"jn71qs97n8patyrxqja1d6jf1d7wf58d","BFAM - BANKBETF","BANKBETF","544093",,"2025-12-26T12:14:39.360Z"
"jn7daprjt895z9pczp2v3wmzt97wf1ja","UTIAMC - NIFITETF","NIFITETF","544102",,"2025-12-26T12:14:39.360Z"
"jn72c8jam76cxdjgwswbsza1j17wfd3z","UTIAMC - NIF5GETF","NIF5GETF","544103",,"2025-12-26T12:14:39.360Z"
"jn777fxr7ne6apc4b7ra6tjv4x7wf5ks","UTIAMC - NIF10GETF","NIF10GETF","544104",,"2025-12-26T12:14:39.360Z"
"jn767fze9ndf5kgjfsr6fpgvkx7wetww","DSPAMC - HEALTHADD","HEALTHADD","544109",,"2025-12-26T12:14:39.360Z"
"jn7dcxbt74c567kvrgs8mmajc17wezp0","HDFCAMC HDFCPSUBK","HDFCPSUBK","544110",,"2025-12-26T12:14:39.360Z"
"jn7e1h8w4sz51ce0720fg87vxx7wfpbs","LICNAMC - LICNMID100","LICNMID100","544123",,"2025-12-26T12:14:39.360Z"
"jn7d9nhdmarxppgh7zqhnqw3sd7wfqhy","MIRAEAMC - SMALLCAP","SMALLCAP","544130",,"2025-12-26T12:14:39.360Z"
"jn729pdxvq5h0j0fe01frsj1g57wep0s","ZERODHA GOLD ETF","GOLDCASE","544132",,"2025-12-26T12:14:39.360Z"
"jn7d1cfqb7g0wett5jjkev41717weyqt","DSPAMC - LIQUIDADD","LIQUIDADD","544159",,"2025-12-26T12:14:39.360Z"
"jn75tjtwrj3dy3y3crab9z19ps7we09j","MIRAEAMC - MIDSMALL","MIDSMALL","544180",,"2025-12-26T12:14:39.360Z"
"jn7dn7fb5mv490zrcwb3z800rd7wf702","BFAM - LIQUIDBETF","LIQUIDBETF","544182",,"2025-12-26T12:14:39.360Z"
"jn72nrt5kbj8sj3sek8v69n39n7wf90h","ZERODHA NIFTY MIDCAP 150 ETF","MID150CASE","544193",,"2025-12-26T12:14:39.360Z"
"jn7d5st95x0ssrmcf7wyftydf17wfzpb","ZERODHA NIFTY LARGECAP 100 ETF","TOP100CASE","544194",,"2025-12-26T12:14:39.360Z"
"jn791t3ps884sw56n7rdc50p6d7wevy6","BARODABNP - BBNPNBETF","BBNPNBETF","544196",,"2025-12-26T12:14:39.360Z"
"jn7eb3ts8q4ree44b9b97yjq7n7wft5v","SBIAMC - SBISILVER","SBISILVER","544206",,"2025-12-26T12:14:39.360Z"
"jn70dj0se7t9kmk11at0ajgbv17we0b0","SHRIRAM - LIQUIDSHRI","LIQUIDSHRI","544208",,"2025-12-26T12:14:39.360Z"
"jn7a6d9c022k6jqwf1cex12vp57wejdw","BIRLASLAMC - ABGSEC","ABGSEC","544211",,"2025-12-26T12:14:39.360Z"
"jn7atwgj5pww51vjz4gxcnrymh7wfn74","MIRAEAMC - EVINDIA","EVINDIA","544212",,"2025-12-26T12:14:39.360Z"
"jn79z3cv9hpv8z354ezbqj2nws7wfbbd","SBIAMC - SBINEQWETF","SBINEQWETF","544215",,"2025-12-26T12:14:39.360Z"
"jn7axvmdcbf0dxhb8wj73xxhmh7wfcdn","ICICIPRAMC - OILIETF","OILIETF","544216",,"2025-12-26T12:14:39.360Z"
"jn78k8gathdgjqgyyme0r5c5fd7we53e","BIRLASLAMC-ABSLPSE","ABSLPSE","544218",,"2025-12-26T12:14:39.360Z"
"jn7acn0zq65348pfjwctd8aw0n7wfm4r","BIRLASLAMC - GSEC10ABSL","GSEC10ABSL","544228",,"2025-12-26T12:14:39.360Z"
"jn74b1cyrwbt5smxt7gdema6417wf8sh","ICICIPRAMC - METALIETF","METALIETF","544229",,"2025-12-26T12:14:39.360Z"
"jn70644v38narazq7xgapvc2eh7wesph","MIRAEAMC - MULTICAP","MULTICAP","544241",,"2025-12-26T12:14:39.360Z"
"jn78q0pmgqswf9fayrw0jjf5y17wfzcg","DSPAMC - TOP10ADD","TOP10ADD","544247",,"2025-12-26T12:14:39.360Z"
"jn7bc07vfsdbe8vbv3ve3n5vqs7wfgyd","MIRAEAMC - BANKPSU","BANKPSU","544266",,"2025-12-26T12:14:39.360Z"
"jn72xy2kmdrh122j3q2xfcgk8x7wedb4","ICICIPRAMC - VAL30IETF","VAL30IETF","544275",,"2025-12-26T12:14:39.360Z"
"jn7fdbpxppr2gy48ep75h0n17d7wfg5f","MIRAEAMC - LIQUIDPLUS","LIQUIDPLUS","544284",,"2025-12-26T12:14:39.360Z"
"jn71yy1xhrga44mnh5wsmadzk57wfrdz","EDELAMC - ECAPINSURE","ECAPINSURE","544326",,"2025-12-26T12:14:39.360Z"
"jn73xjxbdkvmkrcqfjvex5mgzh7we4r8","DSPAMC - NEXT30ADD","NEXT30ADD","544352",,"2025-12-26T12:14:39.360Z"
"jn737qer0enfkgx76mt2e3e6xs7wegkg","UNIONAMC - UNIONGOLD","UNIONGOLD","544363",,"2025-12-26T12:14:39.360Z"
"jn79b92mrsa40ks8js5f9s92vx7we4es","360ONEAMC - GOLD360","GOLD360","544375",,"2025-12-26T12:14:39.360Z"
"jn7fsqqx6f3n04f7ddnmb8f79s7we0tq","MIRAEAMC - SELECTIPO","SELECTIPO","544376",,"2025-12-26T12:14:39.360Z"
"jn7dxsrbjy4ztk70x694zax9ns7wfqg3","MIRAEAMC - EQUAL200","EQUAL200","544377",,"2025-12-26T12:14:39.360Z"
"jn70vtb8dmjaqqehatdd5rxynd7wekzv","ICICIPRAMC - CASHIETF","CASHIETF","544380",,"2025-12-26T12:14:39.360Z"
"jn78h2e9dw81wjfhfkh5z9zqx17wfvdh","AXISAMC - AXISVALUE","AXISVALUE","544382",,"2025-12-26T12:14:39.360Z"
"jn77pfe16tcy62zehenvzvpzyd7wfmpf","ZERODHAAMC - SILVERCASE","SILVERCASE","544384",,"2025-12-26T12:14:39.360Z"
"jn7bzr7ce1fhphcefdc1rzcv257wepft","SBIAMC - SBIBPB","SBIBPB","544385",,"2025-12-26T12:14:39.360Z"
"jn78hkyrqam5drcsmwe36qcsh97wfm5e","360ONEAMC - SILVER360","SILVER360","544389",,"2025-12-26T12:14:39.360Z"
"jn70m8xc8zzfgpf20rec15txyd7we4vd","ICICIPRAMC - EVIETF","EVIETF","544394",,"2025-12-26T12:14:39.360Z"
"jn70yb9mrhvatk70dnpsc305s17wfhea","MIRAEAMC - EQUAL50","EQUAL50","544401",,"2025-12-26T12:14:39.360Z"
"jn7a9g2j7rvsa76p475yv2bsg97we202","NIPPONAMC - SNXT30BEES","SNXT30BEES","544415",,"2025-12-26T12:14:39.360Z"
"jn77bxqa72drs5am7krscch8r17wewte","ICICIPRAMC - TOP15IETF","TOP15IETF","544427",,"2025-12-26T12:14:39.360Z"
"jn7889haa9hhf6d5tmr0kykeyx7weh0j","MIRAEAMC - INTERNET","INTERNET","544438",,"2025-12-26T12:14:39.360Z"
"jn7cfnxae3pgjttz7az82q995s7wf7gx","GROWWAMC - GROWWPOWER","GROWWPOWER","544473",,"2025-12-26T12:14:39.360Z"
"jn731bbndhtw5zggn4c5sv1v757weydb","SBIAMC - SBILIQETF","SBILIQETF","544478",,"2025-12-26T12:14:39.360Z"
"jn7e25a9dpyyn5s4p8yzye5nk17weypw","ZERODHAAMC - LTGILTCASE","LTGILTCASE","544486",,"2025-12-26T12:14:39.360Z"
"jn70wxpwp00sb440t893nstw4d7wecs8","NIPPONAMC - MANUFGBEES","MANUFGBEES","544493",,"2025-12-26T12:14:39.360Z"
"jn7bzy19ar4fx1qjy7wkr3m1nd7we39k","ZERODHAAMC - SML100CASE","SML100CASE","544507",,"2025-12-26T12:14:39.360Z"
"jn729ebzzsa7m8m29bfqhkv9957wfsyk","EDELAMC - ELIQUID","ELIQUID","544573",,"2025-12-26T12:14:39.360Z"
"jn7ftc5pkexsjpyyc6q05qkexh7wekev","DSPAMC - FLEXIADD","FLEXIADD","544581",,"2025-12-26T12:14:39.360Z"
"jn71pwz4btzmgsmvbn2epptd6d7wee0d","ZERODHAAMC - NIFTYCASE","NIFTYCASE","544586",,"2025-12-26T12:14:39.360Z"
"jn7c11w7zarp5qbyyz8jb636817wephs","SBI MUTUAL FUND","MHLSRG","544588",,"2025-12-01T04:27:39.447Z"
"jn7bay8b0drypkbrb2zf4qr5mn7westg","SBI MUTUAL FUND","MHLSRD","544589",,"2025-12-01T04:27:39.447Z"
"jn783hz8y9kfrcm2vjw2v7tj1s7wfwb5","SBI MUTUAL FUND","MHLSRDR","544590",,"2025-12-01T04:27:39.447Z"
"jn79taxs1fjt2psxb1c552c0j17wefpt","SBI MUTUAL FUND","MHLSDG","544591",,"2025-12-01T04:27:39.447Z"
"jn7691hyn24ktdshw3fmr6f12n7we48y","SBI MUTUAL FUND","MHLSDD","544592",,"2025-12-01T04:27:39.447Z"
"jn75e42yp7amw0sw42qm6wv4b57we4tk","SBI MUTUAL FUND","MHLSDDR","544593",,"2025-12-01T04:27:39.447Z"
"jn739ywda4w1793gxb6nfgr34h7weqet","CHOICEAMC - CHOICEGOLD","CHOICEGOLD","544601",,"2025-12-26T12:14:39.360Z"
"jn7d2hrtznga2ddgsdmsfzrcgd7wesxd","MIRAEAMC - SMALL250","SMALL250","544605",,"2025-12-26T12:14:39.360Z"
"jn7f66ntrggx7877mqh596sfj57wedd3","EDELAMC - ESENSEX","ESENSEX","544618",,"2025-12-26T12:14:39.360Z"
"jn7a21y4xs4kcdd7t471k7rdjs7wft4m","DSPAMC - MSCIADD","MSCIADD","544620",,"2025-12-26T12:14:39.360Z"
"jn7eyr7mv9qmxbeesa913y57hn7wfsv4","ICICI PRUD SENSEX ETF","SENSEXIETF","555555",,"2025-12-26T12:14:39.360Z"
"jn754h2xgvexmn22zzkzz0yzhh7wf4jk","NIP IND ETF GOLD BEES","GOLDBEES","590095",,"2025-12-26T12:14:39.360Z"
"jn7fpsdwh39wqavx9efmntmqth7wfv2z","NIP IND ETF LIQUID BEES","LIQUIDBEES","590096",,"2025-12-26T12:14:39.360Z"
"jn718s9d5vp9csqc7rr6aa9kk17wet6d","KOTAK GOLD ETF","GOLD1","590097",,"2025-12-26T12:14:39.360Z"
"jn7aw470k9a39x3006c09hg7k97we48k","SBI-ETF GOLD","SETFGOLD","590098",,"2025-12-26T12:14:39.360Z"
"jn7cbz4mym6jat8ja7ybxpxhmx7webks","QUANTUM GOLD FUND","QGOLDHALF","590099",,"2025-12-26T12:14:39.360Z"
"jn7ae1axkmjyg6wrxxyzqh7zan7wfqm5","UTI GOLD ETF","GOLDSHARE","590101",,"2025-12-26T12:14:39.360Z"
"jn77erxqs2xfrmts9zqmj5ava97wfzf1","NIP IND ETF NIFTY BEES","NIFTYBEES","590103",,"2025-12-26T12:14:39.360Z"
"jn75xsw2amw1sfafkw53bxtkf17we5f3","NIP IND ETF JUNIOR BEES","JUNIORBEES","590104",,"2025-12-26T12:14:39.360Z"
"jn79x0jm1r5cm0z6jechj42t9x7wedhn","NIP IND ETF BANK BEES","BANKBEES","590106",,"2025-12-26T12:14:39.360Z"
"jn7bqqhnscbatb8cnqg08dg8k97wfxsn","KOTAK PSU BANK","PSUBANK","590107",,"2025-12-26T12:14:39.360Z"
"jn7aezj2pg67dh4519scfq9rhd7wfgm0","NIP IND ETF PSU BANK BEES","PSUBNKBEES","590108",,"2025-12-26T12:14:39.360Z"
"jn73xavhhfs3q6wwz9f4tzghds7wfs6e","NIP IND ETF SHARIAH BEES","SHARIABEES","590109",,"2025-12-26T12:14:39.360Z"
"jn704effgb6v33z92jqzd3z9997we5n8","QUANTUM NIFTY 50 ETF","QNIFTY","590110",,"2025-12-26T12:14:39.360Z"
"jn7fpwkf8qb27r4xqn6hxekkwx7wfk56","NIP IND ETF HANGSENG BEES","HNGSNGBEES","590113",,"2025-12-26T12:14:39.360Z"
"jn75gsn8dh4mhn67f69w445gzd7wf02r","MOTILAL OSWAL M50 ETF","MOM50","590115",,"2025-12-26T12:14:39.360Z"
"jn7ceed4ae7m9hdg24wr4zrb3n7wfax6","KOTAKMAMC-KOTAKBKETF","BANKNIFTY1","590136",,"2025-12-26T12:14:39.360Z"
"jn78vg4f2g0hdvfyk540f112dh7wfsbb","SBI-ETF NIFTY BANK","SETFNIFBK","590137",,"2025-12-26T12:14:39.360Z"
"jn7cvej7ey2ct090zzhfthtrrx7wfx05","SBI-ETF NIFTY 50","SETFNIF50","590138",,"2025-12-26T12:14:39.360Z"
"jn7ehajak06pfswv3s9hf30zn97weg5y","KOTAKMAMC - KOTAKLIQ","LIQUID1","590139",,"2025-12-26T12:14:39.360Z"
"jn7cks18k1s0grwskxkx71xcrn7wfb9d","TATAAML-TATAGOLD","TATAGOLD","590140",,"2025-12-26T12:14:39.360Z"
"jn755qbmkz0zc69vcabmppzc997we6vy","NIP IND ETF IT","ITBEES","590141",,"2025-12-26T12:14:39.360Z"
"jn7715pb44sx2jgfer645fk2b97wf1j4","NIPPONAMC - NETFPHARMA","PHARMABEES","590142",,"2025-12-26T12:14:39.360Z"
"jn7415sdqf267t12et0mky487s7wfssd","NIP IND ETF LONGTERM GILT","LTGILTBEES","590143",,"2025-12-26T12:14:39.360Z"
"jn7ezvk2xdqjbg5n4ck6081d7h7weqjc","NIP IND ETF MIDCAP 150","MID150BEES","590144",,"2025-12-26T12:14:39.360Z"
"jn782e9g0cq4nbwkptf1r4239n7wfc3z","NIPPONAMC - NETFSILVER","SILVERBEES","590145",,"2025-12-26T12:14:39.360Z"
"jn7bnbrktygncamd4pn1v5x2jx7wfdkp","TUNI TEXTILE MILLS","TUNTEX-RE","751058",,"2025-12-01T04:27:39.448Z"
"jn72rjzvyjcrpdgt9grvcf8yfh7wfqck","SBIAMC - SBIETFPB","SBIETFPB",,,"2025-12-26T12:14:39.360Z"
"jn7dz7h16e0wfq4rs014a3b2fx7wf0tz","SBIAMC - SBIETFIT","SBIETFIT",,,"2025-12-26T12:14:39.360Z"
"jn769rzge1qmpv81rvvapcbagh7wekhq","AXISAMC - AXISBNKETF","AXISBNKETF",,,"2025-12-26T12:14:39.360Z"
"jn7dj5nwsty9nmb5kdrpvd0s457wescj","NIP IND ETF CONSUMPTION","CONSUMBEES",,,"2025-12-26T12:14:39.360Z"
"jn742vxqbk4hq1xwe1pw9ez3wh7we1nn","NIP IND ETF DIV OPP","DIVOPPBEES",,,"2025-12-26T12:14:39.360Z"
"jn740sfaw78np5ypsdvske88wn7we0zd","RELCAPAMC-NETFSDL26","SDL26BEES",,,"2025-12-26T12:14:39.360Z"
"jn709de6gdp0znr4pkdphbmxns7wegck","RELCAPAMC - NETFGILT5Y","GILT5YBEES",,,"2025-12-26T12:14:39.360Z"
"jn77013ch51gebjpr0tth26j297weefj","AXISAMC - AXISBPSETF","AXISBPSETF",,,"2025-12-26T12:14:39.360Z"
"jn77gevap4mxzd8d6c0hhhwjqd7wfway","SBIAMC - SBIETFCON","SBIETFCON",,,"2025-12-26T12:14:39.360Z"
"jn7935njsv1dp07ac1m69k53yh7wfdk8","LICNAMC - LICNMFET","LICNETFGSC",,,"2025-12-26T12:14:39.360Z"
"jn7cjpzwtpgcss7afxje6s2h5d7wfkng","SBIAMC - SBIETFQLTY","SBIETFQLTY",,,"2025-12-26T12:14:39.360Z"
"jn75g481kh2f327kn41ff9mnhh7we622","SBI-ETF NIFTY NEXT 50","SETFNN50",,,"2025-12-26T12:14:39.360Z"
"jn7619hm5jv4ve1twaqthyhrrd7wf0p0","TATAAML - NETF","NETF",,,"2025-12-26T12:14:39.360Z"
"jn789sp77vys8gfj7j58av1ckn7wfb3t","NIPPONAMC - NETFAUTO","AUTOBEES",,,"2025-12-26T12:14:39.360Z"
"jn79nrmyhdefkj1q8kttza6k1n7werg8","A B N INTERCORP","ABNINT-IT",,,"2025-12-01T04:27:39.455Z"
"jn77wnm51k27kfnmns19c6m4fs7wfbya","KOTAKMAMC - KOTAKLOVOL","LOWVOL1",,,"2025-12-26T12:14:39.360Z"
"jn76x2jzhab1jwkpb7td7v76g97wfs8c","TATAAML - TNIDETF","TNIDETF",,,"2025-12-26T12:14:39.360Z"
"jn7620tze41a7t2292mdyh1bvx7we6b3","NIP IND ETF ETF NV20","NV20BEES",,,"2025-12-26T12:14:39.360Z"
"jn76gjcx4xpccda0ht866h16c17wer07","ORIENTAL INFRATRUST","OSEINTRUST-IV",,,"2025-12-01T04:27:39.456Z"
"jn7fk0gm9a1zm37nq8xrb84ty17wfx7f","KOTAKMAMC - KOTAKMNC","MNC",,,"2025-12-26T12:14:39.360Z"
"jn70canczcsctv4z1mc1wjm7an7wegth","AXISAMC - AXISILVER","AXISILVER",,,"2025-12-26T12:14:39.360Z"
"jn7esmkex8af7b29m7sm3qvv517wermx","KOTAKMAMC - KTKNV20ETF","NV20",,,"2025-12-01T04:27:39.456Z"
"jn76bwjgb23ny1jxrag3nxntah7wfreb","TATAAML - NPBET","NPBET",,,"2025-12-26T12:14:39.360Z"
"jn7fx79m8jc24dmypnc9y86ve97wfcyr","KOTAKMAMC - KOTAKSILVE","SILVER1",,,"2025-12-26T12:14:39.360Z"
"jn7d7p1svb79nsrvtg48zgv1r97wewgz","SBIAMC - SETF10GILT","SETF10GILT",,,"2025-12-26T12:14:39.360Z"
"jn78rng7gs9c7xcr0bxbcc6pcs7wea6e","BANDHANAMC - IDFNIFTYET","IDFNIFTYET",,,"2025-12-26T12:14:39.360Z"
"jn7af4ry4z9ygdfqtgdp5bbchh7wendm","MOTILALAMC - MONIFTY500","MONIFTY500",,,"2025-12-26T12:14:39.360Z"
"jn7f4tvn3q8m3b9ekf219xqjvh7we30y","EDELAMC - EGOLD","EGOLD",,,"2025-12-26T12:14:39.360Z"
"jn7dg521wjf7pswvheqk56c4z57wf9ta","EDELAMC - ESILVER","ESILVER",,,"2025-12-26T12:14:39.360Z"
"jn7fg84w9bn090gcvy7sw2xmwn7we8x6","AXISAMC - AXISNIFTY","AXISNIFTY",,,"2025-12-26T12:14:39.360Z"
"jn798fa9c283wp27qn5dnn0k1d7wfcxj","TATAAML-TATSILV","TATSILV",,,"2025-12-26T12:14:39.360Z"
"jn790dc1vzvhndsdvmkt3dyt3s7wesra","ADDICTIVE LEARNING TECH L","LAWSIKHO-SM",,,"2025-12-01T04:27:39.457Z"
"jn7e2bwrgqbwenvp3mbtr4jzqh7wf7nq","MOTILALAMC - MOSMALL250","MOSMALL250",,,"2025-12-26T12:14:39.360Z"
"jn7be058p8c62y7h4hbackvfps7wf07j","MOTILALAMC - MOREALTY","MOREALTY",,,"2025-12-26T12:14:39.360Z"
"jn71bfvbtdajd355er936tvmvx7wec76","INVESCO INDIA NIFTY ETF","IVZINNIFTY",,,"2025-12-26T12:14:39.360Z"
"jn77b0j8a971j6vewmr7e5mdqx7wet6x","GROWWAMC - GROWWEV","GROWWEV",,,"2025-12-26T12:14:39.360Z"
"jn7ah8cs4ncbm86mggyvffncbx7wehx5","MOTILALAMC - MODEFENCE","MODEFENCE",,,"2025-12-26T12:14:39.360Z"
"jn7dx52nffntade49capjfrhan7wecke","EDELAMC - EBANKNIFTY","EBANKNIFTY",,,"2025-12-26T12:14:39.360Z"
"jn7a5sskady0hkyp47a7f1k0z17weyrz","GROWWAMC - GROWWLIQID","GROWWLIQID",,,"2025-12-26T12:14:39.360Z"
"jn70hxa6e40agppgv4dztaem0n7wewh4","MOTILALAMC - MOMENTUM50","MOMENTUM50",,,"2025-12-26T12:14:39.360Z"
"jn71svb4prqmv0ms0ak61rkwsn7wfsqs","GROWWAMC - GROWWDEFNC","GROWWDEFNC",,,"2025-12-26T12:14:39.360Z"
"jn7099stqs7ewnb6vvwrzzt34n7wer21","GROWWAMC - GROWWGOLD","GROWWGOLD",,,"2025-12-26T12:14:39.360Z"
"jn743fxj7d6x82cvx48454nr2h7weh68","EDELAMC - EMULTIMQ","EMULTIMQ",,,"2025-12-26T12:14:39.360Z"
"jn7e2dg74659tzcefaexbe0q957wevjn","GROWWAMC - GROWWRAIL","GROWWRAIL",,,"2025-12-26T12:14:39.360Z"
"jn78vqxe6n1y28vyxrbk0ft4397wfqw8","KOTAKMAMC - MSCIINDIA","MSCIINDIA",,,"2025-12-26T12:14:39.360Z"
"jn72s50spsgv2x09ad58784bt17wecm1","GROWWAMC - GROWWN200","GROWWN200",,,"2025-12-26T12:14:39.360Z"
"jn71r1mww0m336whbmc7a54pv17wf263","KOTAKMAMC - NIFTY100EW","NIFTY100EW",,,"2025-12-26T12:14:39.360Z"
"jn73cb24vfat2v81ekb12hqm4n7we647","AONEAMC - AONETOTAL","AONETOTAL",,,"2025-12-26T12:14:39.360Z"
"jn74qhh3y992ze9bgk232vxt6x7weqbz","MOTILALAMC - MOCAPITAL","MOCAPITAL",,,"2025-12-26T12:14:39.360Z"
"jn75tk0trng982tt9ynmd46pa97wfmgs","AONEAMC - AONELIQUID","AONELIQUID",,,"2025-12-26T12:14:39.360Z"
"jn70r4yr7gq8d9aypny691tbdh7wfdq7","GROWWAMC - GROWWMOM50","GROWWMOM50",,,"2025-12-26T12:14:39.360Z"
"jn76jhk2w0nrvjya0xebzhb0ah7wfmgs","GROWWAMC - GROWWSLVR","GROWWSLVR",,,"2025-12-26T12:14:39.360Z"
"jn7068aqzpg9snhwvmc2sh9h5x7we19n","MOTILALAMC - MON50EQUAL","MON50EQUAL",,,"2025-12-26T12:14:39.360Z"
"jn72cqkxkxpwh21hdpwq7wm2ax7wftw5","MOTILALAMC - MOINFRA","MOINFRA",,,"2025-12-26T12:14:39.360Z"
"jn78ys4w9df53q5dndhmcz3zjd7wfvcj","AONEAMC - AONENIFTY","AONENIFTY",,,"2025-12-26T12:14:39.360Z"
"jn79edbt2n54pghn95jwc638gx7wfpyk","MOTILALAMC - MOMGF","MOMGF",,,"2025-12-26T12:14:39.360Z"
"jn77md0q9xdxwwpp59tr40cr1d7wemyv","MOTILALAMC - MONEXT50","MONEXT50",,,"2025-12-26T12:14:39.360Z"
"jn7bkvpnbnh5t9yeeyq4shk1e57wf3t0","MOTILALAMC - MOPSE","MOPSE",,,"2025-12-26T12:14:39.360Z"
"jn7860cxm3brg3nam4b0z2a5vn7wegp8","MOTILALAMC - MOTOUR","MOTOUR",,,"2025-12-26T12:14:39.360Z"
"jn76vtprp1z1t2c7dfrbpz4gxs7we4tk","MOTILALAMC - MOALPHA50","MOALPHA50",,,"2025-12-26T12:14:39.360Z"
"jn7fn6zy20wgx0h51faarqzaqx7we789","NIPPONAMC - LIQGRWBEES","LIQGRWBEES",,,"2025-12-26T12:14:39.360Z"
"jn724h4d3mrtc3g4dxk6gs1hx97wfbmy","MOTILALAMC - MOGOLD","MOGOLD",,,"2025-12-26T12:14:39.360Z"
"jn77y3m9ccfh330g3w1hqkgzan7wffdv","GROWWAMC - GROWWNET","GROWWNET",,,"2025-12-26T12:14:39.360Z"
"jn799y3dsj9sz02d2pnjsetakx7wekcy","MOTILALAMC - MOMIDMTM","MOMIDMTM",,,"2025-12-26T12:14:39.360Z"
"jn79p1gn6pnc8gpjdyd99cmw897wf4ry","KOTAKMAMC - QUALITY30","QUALITY30",,,"2025-12-26T12:14:39.360Z"
"jn78qt92n6nx3zbfqe9gwrgpw57wfndk","GROWWAMC - GROWWLOVOL","GROWWLOVOL",,,"2025-12-26T12:14:39.360Z"
"jn75awzqd279jxh1927c0c2p7h7wedm2","MOTILALAMC - MOSILVER","MOSILVER",,,"2025-12-26T12:14:39.360Z"
"jn7agdckvqjwnbgnwyrb7hga4h7wfxma","GROWWAMC - GROWWNIFTY","GROWWNIFTY",,,"2025-12-26T12:14:39.360Z"
"jn70qg49n9j2dwtw2w0x8s0cjd7wffxx","AONEAMC - AONEGOLD","AONEGOLD",,,"2025-12-26T12:14:39.360Z"
"jn76kje4cey3fwbbdbkr24ygyn7wejx2","EDELAMC - ELM250","ELM250",,,"2025-12-26T12:14:39.360Z"
"jn75y35cd59bf9scv1n9k9q29h7we10v","MOTILALAMC - MONIFTY100","MONIFTY100",,,"2025-12-26T12:14:39.360Z"
"jn73g2ezahgxskre0n5wf6dbf17wepge","MOTILALAMC - MOENERGY","MOENERGY",,,"2025-12-26T12:14:39.360Z"
"jn7bgw1s2r6z8xjchkj1f8ka317wfqqs","GROWWAMC - GROWWRLTY","GROWWRLTY",,,"2025-12-26T12:14:39.360Z"
"jn727nkdk51ywwd6n93acnkmk57weec7","GROWWAMC - GROWWNXT50","GROWWNXT50",,,"2025-12-26T12:14:39.360Z"
"jn76vpm5vc6tvxbmgymkbpq7jx7wf03h","KOTAKMAMC - MOMENTUM30","MOMENTUM30",,,"2025-12-26T12:14:39.360Z"
"jn762adr11y1kd6ygwa6f3rvqd7wfmab","GROWWAMC - GROWWSC250","GROWWSC250",,,"2025-12-26T12:14:39.360Z"
"jn76ss4x2dwgc0cnwjd6r7x9fs7wefm2","GROWWAMC - GROWWMC150","GROWWMC150",,,"2025-12-26T12:14:39.360Z"
"jn774smyjghx1pf5yx4h5s4wrd7wejdt","KOTAKMAMC - CHEMICAL","CHEMICAL",,,"2025-12-26T12:14:39.360Z"
"jn772gzdq92jms49cf01077fjd7wf0fe","MOTILALAMC - MOIPO","MOIPO",,,"2025-12-26T12:14:39.360Z"
"jn70jt4d9g8gjcm7dz2phzhxbx7wek3v","AONEAMC - AONETMMQ50","AONETMMQ50",,,"2025-12-26T12:14:39.360Z"
"jn768qgx2gh044k51mwsecwb9d7wevf5","EDELAMC - ENIFTY","ENIFTY",,,"2025-12-26T12:14:39.360Z"
"jn73kcydq2qptrkwkvhspmjs157wed4v","MOTILALAMC - MOSERVICE","MOSERVICE",,,"2025-12-26T12:14:39.360Z"